epoch,train_loss,train_acc,val_loss,val_acc,epoch_time
1,2.0827707071219925,0.2097345132743363,1.9273868196844632,0.2049469964664311,114.90574741363525
