label,precision,recall,f1,support
0,0.35,0.25925925925925924,0.2978723404255319,27
1,0.0,0.0,0.0,33
2,0.7272727272727273,0.26666666666666666,0.3902439024390244,30
3,0.234375,1.0,0.379746835443038,30
4,0.1875,0.21428571428571427,0.2,28
5,0.3333333333333333,0.11538461538461539,0.17142857142857143,26
6,0.30952380952380953,0.48148148148148145,0.37681159420289856,27
7,0.024390243902439025,0.038461538461538464,0.029850746268656716,26
8,0.0,0.0,0.0,30
9,0.0,0.0,0.0,26
